Surname,Name,number,comments
Черновицкая,Дания,+75144919853,Для поездок за границу
Могилевская,Катарина,+70422013773,Рабочий
Питер,Давид,+76098000167,Для поездок за границу
Пермский,Абик,+73482030064,Личный
Одесский,Витя,+74473903404,Личный
Ли,Луис,+70634431166,Рабочий
Антонов,Семён,+73049898530,Рабочий
Сан,Макс,+73137190534,Для коммандировок
Савченко,Эдуард,+75426490842,Для поездок за границу
Ученик,Виталик,+71420445806,Рабочий
Никитина,Любовь,+72283064355,Для поездок за границу
Шугар,Алекс,+75755102637,Для поездок за границу
Сер,Ринат,+70736223299,Для коммандировок
Королева,Екатерина,+78795859302,Личный
Городской,Влад,+76709999515,Личный
Франко,Валерий,+79938014344,Рабочий
Новый,Данила,+72445668636,Рабочий
Калужская,Елена,+76214672096,Для поездок за границу
Белорусский,Лён,+71536537179,Для коммандировок
Самарский,Лестер,+79485849825,Рабочий
Виноградова,Катерина,+76073471671,Личный
Осипова,Ленина,+78876283691,Личный
Медведева,Аленка,+76938396620,Личный
Брянская,Ильина,+70805825357,Рабочий
Макарова,Антонина,+70930635823,Домашний
Элина,Алеся,+75381820990,Для коммандировок
Ричмонд,Диего,+70468012411,Для поездок за границу
Уфимский,Богдан,+76132446808,Домашний
Али,Джамбул,+75446268578,Домашний
Экономическая,Надя,+78117835042,Личный
